<?xml version="1.0" encoding="UTF-8"?>

<!--
Copyright 2012-2013 Eduworks Corporation

Licensed under the Apache License, Version 2.0 (the "License");
you may not use this file except in compliance with the License.
You may obtain a copy of the License at

   http://www.apache.org/licenses/LICENSE-2.0

Unless required by applicable law or agreed to in writing, software
distributed under the License is distributed on an "AS IS" BASIS,
WITHOUT WARRANTIES OR CONDITIONS OF ANY KIND, either express or implied.
See the License for the specific language governing permissions and
limitations under the License.
-->


<module rename-to='russel_ui'>
  <!-- Inherit the core Web Toolkit stuff.                        -->
  <inherits name='com.google.gwt.user.User'/>
  <inherits name='com.google.gwt.resources.Resources'/>
  

  <!-- Inherit the default GWT style sheet.  You can change       -->
  <!-- the theme of your GWT application by uncommenting          -->
  <!-- any one of the following lines.                            -->
  <inherits name='com.google.gwt.user.theme.clean.Clean'/>

  <!-- Other module inherits  -->
  <inherits name='com.google.gwt.jsonp.Jsonp' />
  <inherits name='com.google.gwt.json.JSON' />
  <inherits name="org.vectomatic.libgwtfile" />
  <inherits name="com.eduworks.gwt.EwAppGwt" />

  <!-- Override GWT styles with ours                               
  <stylesheet src="../Russel_ui.css" /> -->

  <!-- Specify the app entry point class.                         -->
  <entry-point class='com.eduworks.russel.ui.client.Russel'/>
  
  <!-- Specify the paths for translatable code                    -->
  <source path='client'/>
  <!-- <source path='shared'/>  -->

</module>
